doi,od_doi
10.1177_0022002709351411,https://journals.sagepub.com/doi/suppl/10.1177/0022002709351411/suppl_file/DS_10.1177_0022002709351411.zip
10.1177_0022002709351104,https://journals.sagepub.com/doi/suppl/10.1177/0022002709351104/suppl_file/DS_10.1177_0022002709351104.zip
10.1177_0022002709352443,https://journals.sagepub.com/doi/suppl/10.1177/0022002709352443/suppl_file/DS_10.1177_0022002709352443.zip
10.1177_0022002709355437,https://journals.sagepub.com/doi/suppl/10.1177/0022002709355437/suppl_file/DS_10.1177_0022002709355437.zip
10.1177_0022002709355431,https://journals.sagepub.com/doi/suppl/10.1177/0022002709355431/suppl_file/DS_10.1177_0022002709355431.zip
10.1177_0022002709352845,https://journals.sagepub.com/doi/suppl/10.1177/0022002709352845/suppl_file/DS_10.1177_0022002709352845.zip
10.1177_0022002709355439,https://journals.sagepub.com/doi/suppl/10.1177/0022002709355439/suppl_file/DS_10.1177_0022002709355439.zip
10.1177_0022002709356051,https://journals.sagepub.com/doi/suppl/10.1177/0022002709356051/suppl_file/DS_10.117_0022002709356051.zip
10.1177_0022002709355922,https://journals.sagepub.com/doi/suppl/10.1177/0022002709355922/suppl_file/DS10.11770022002709355922.rar
10.1177_0022002709357889,https://journals.sagepub.com/doi/suppl/10.1177/0022002709357889/suppl_file/DS_10.1177_0022002709357889.zip
10.1177_0022002709357891,https://journals.sagepub.com/doi/suppl/10.1177/0022002709357891/suppl_file/DS_10.1177_0022002709357891.zip
10.1177_0022002709360322,https://journals.sagepub.com/doi/suppl/10.1177/0022002709360322/suppl_file/DS_10.11770022002709360322.zip
10.1177_0022002710364126,https://journals.sagepub.com/doi/suppl/10.1177/0022002710364126/suppl_file/DS_10.11770022002710364126.zip
10.1177_0022002710367885,https://journals.sagepub.com/doi/suppl/10.1177/0022002710367885/suppl_file/DS_10.1177_0022002710367885.zip
10.1177_0022002710369085,https://journals.sagepub.com/doi/suppl/10.1177/0022002710369085/suppl_file/DS_10.11770022002710369085.zip
10.1177_0022002710370134,https://journals.sagepub.com/doi/suppl/10.1177/0022002710370134/suppl_file/DS_10.11770022002710370134.zip
10.1177_0022002710370135,https://journals.sagepub.com/doi/suppl/10.1177/0022002710370135/suppl_file/DS_10.11770022002710370135.zip
10.1177_0022002710371666,https://journals.sagepub.com/doi/suppl/10.1177/0022002710371666/suppl_file/DS_10.1177_0022002710371666.zip
10.1177_0022002710371669,https://journals.sagepub.com/doi/suppl/10.1177/0022002710371669/suppl_file/DS_10.1177_0022002710371669.zip
10.1177_0022002710371671,https://journals.sagepub.com/doi/suppl/10.1177/0022002710371671/suppl_file/DS_10.1177_0022002710371671.zip
10.1177_0022002710372741,https://journals.sagepub.com/doi/suppl/10.1177/0022002710372741/suppl_file/DS_10.1177_0022002710372741.zip
10.1177_0022002710374713,https://journals.sagepub.com/doi/suppl/10.1177/0022002710374713/suppl_file/DS__10.1177_0022002710374713.zip
10.1177_0022002710374714,https://journals.sagepub.com/doi/suppl/10.1177/0022002710374714/suppl_file/DS__10.1177_0022002710374714.zip
10.1177_0022002710377168,https://journals.sagepub.com/doi/suppl/10.1177/0022002710377168/suppl_file/DS__10.1177_0022002710377168.zip
10.1177_0022002710374715,https://journals.sagepub.com/doi/suppl/10.1177/0022002710374715/suppl_file/DS_10.11770022002710374715.zip
10.1177_0022002710381064,https://journals.sagepub.com/doi/suppl/10.1177/0022002710381064/suppl_file/DS_10.11770022002710381064.zip
10.1177_0022002710381065,https://journals.sagepub.com/doi/suppl/10.1177/0022002710381065/suppl_file/DS__10.1177_0022002710381065.zip
10.1177_0022002710383663,https://journals.sagepub.com/doi/suppl/10.1177/0022002710383663/suppl_file/DS_10.1177_0022002710383663.zip
10.1177_0022002710383664,https://journals.sagepub.com/doi/suppl/10.1177/0022002710383664/suppl_file/DS_10.11770022002710383664.zip
10.1177_0022002710383665,https://journals.sagepub.com/doi/suppl/10.1177/0022002710383665/suppl_file/DS_10.11770022002710383665.zip
10.1177_0022002710383666,https://journals.sagepub.com/doi/suppl/10.1177/0022002710383666/suppl_file/DS__10.1177_0022002710383666.zip
10.1177_0022002710393919,https://journals.sagepub.com/doi/suppl/10.1177/0022002710393919/suppl_file/10_11770022002710393919.zip
10.1177_0022002711400863,https://journals.sagepub.com/doi/suppl/10.1177/0022002711400863/suppl_file/DS_10.11770022002711400863.zip
10.1177_0022002711400864,https://journals.sagepub.com/doi/suppl/10.1177/0022002711400864/suppl_file/DS_10.11770022002711400864.zip
10.1177_0022002711400865,https://journals.sagepub.com/doi/suppl/10.1177/0022002711400865/suppl_file/DS_10.11770022002711400865.zip
10.1177_0022002711400975,https://journals.sagepub.com/doi/suppl/10.1177/0022002711400975/suppl_file/DS_10.11770022002711400975.zip
10.1177_0022002711401871,https://journals.sagepub.com/doi/suppl/10.1177/0022002711401871/suppl_file/DS_10.11770022002711401871.zip
10.1177_0022002711408006,https://journals.sagepub.com/doi/suppl/10.1177/0022002711408006/suppl_file/10_11770022002711408006.zip
10.1177_0022002711408009,https://journals.sagepub.com/doi/suppl/10.1177/0022002711408009/suppl_file/DS_10_11770022002711408009.zip
10.1177_0022002711408010,https://journals.sagepub.com/doi/suppl/10.1177/0022002711408010/suppl_file/10_11770022002711408010.zip
10.1177_0022002711408011,https://journals.sagepub.com/doi/suppl/10.1177/0022002711408011/suppl_file/10_11770022002711408011.zip
10.1177_0022002711408012,https://journals.sagepub.com/doi/suppl/10.1177/0022002711408012/suppl_file/10_11770022002711408012.zip
10.1177_0022002711408013,https://journals.sagepub.com/doi/suppl/10.1177/0022002711408013/suppl_file/DS_10_11770022002711408013.zip
10.1177_0022002711408014,https://journals.sagepub.com/doi/suppl/10.1177/0022002711408014/suppl_file/10_11770022002711408014.zip
10.1177_0022002711408015,https://journals.sagepub.com/doi/suppl/10.1177/0022002711408015/suppl_file/DS_10_11770022002711408015.zip
10.1177_0022002711414371,https://journals.sagepub.com/doi/suppl/10.1177/0022002711414371/suppl_file/DS_10_11770022002711414371.zip
10.1177_0022002711414373,https://journals.sagepub.com/doi/suppl/10.1177/0022002711414373/suppl_file/10_11770022002711414373.zip
10.1177_0022002711414375,https://journals.sagepub.com/doi/suppl/10.1177/0022002711414375/suppl_file/10_11770022002711414375.zip
10.1177_0022002711420961,https://journals.sagepub.com/doi/suppl/10.1177/0022002711420961/suppl_file/10.11770022002711420961.zip
10.1177_0022002711420962,https://journals.sagepub.com/doi/suppl/10.1177/0022002711420962/suppl_file/10.11770022002711420962.zip
10.1177_0022002711420969,https://journals.sagepub.com/doi/suppl/10.1177/0022002711420969/suppl_file/10.11770022002711420969.zip
10.1177_0022002711421593,https://journals.sagepub.com/doi/suppl/10.1177/0022002711421593/suppl_file/Data_supplement-_421593.zip
10.1177_0022002711421594,https://journals.sagepub.com/doi/suppl/10.1177/0022002711421594/suppl_file/10.11770022002711421594.zip
10.1177_0022002711422340,https://journals.sagepub.com/doi/suppl/10.1177/0022002711422340/suppl_file/10.11770022002711422340.zip
10.1177_0022002711429697,https://journals.sagepub.com/doi/suppl/10.1177/0022002711429697/suppl_file/10_11770022002711429697.zip
10.1177_0022002711431416,https://journals.sagepub.com/doi/suppl/10.1177/0022002711431416/suppl_file/10.11770022002711431416.zip
10.1177_0022002711431417,https://journals.sagepub.com/doi/suppl/10.1177/0022002711431417/suppl_file/DS10_11770022002711431417.zip
10.1177_0022002711431793,https://journals.sagepub.com/doi/suppl/10.1177/0022002711431793/suppl_file/Replication_Archive.zip
10.1177_0022002711431795,https://journals.sagepub.com/doi/suppl/10.1177/0022002711431795/suppl_file/10_1177_0022002712431795.zip
10.1177_0022002711431796,https://journals.sagepub.com/doi/suppl/10.1177/0022002711431796/suppl_file/10.11770022002711431796.zip
10.1177_0022002711431798,https://journals.sagepub.com/doi/suppl/10.1177/0022002711431798/suppl_file/10.11770022002711431798.zip
10.1177_0022002711431800,https://journals.sagepub.com/doi/suppl/10.1177/0022002711431800/suppl_file/10_1177_0022002711431800.zip
10.1177_0022002712438343,https://journals.sagepub.com/doi/suppl/10.1177/0022002712438343/suppl_file/10.11770022002712438343.zip
10.1177_0022002712438344,https://journals.sagepub.com/doi/suppl/10.1177/0022002712438344/suppl_file/10.11770022002712438344.zip
10.1177_0022002712438348,https://journals.sagepub.com/doi/suppl/10.1177/0022002712438348/suppl_file/10.11770022002712438348.zip
10.1177_0022002712438350,https://journals.sagepub.com/doi/suppl/10.1177/0022002712438350/suppl_file/10.11770022002712438350.zip
10.1177_0022002712438351,https://journals.sagepub.com/doi/suppl/10.1177/0022002712438351/suppl_file/10_1177_0022002712438351.zip
10.1177_0022002712438354,https://journals.sagepub.com/doi/suppl/10.1177/0022002712438354/suppl_file/10_1177_0022002712438354.zip
10.1177_0022002712438355,https://journals.sagepub.com/doi/suppl/10.1177/0022002712438355/suppl_file/Data_supplement-_438355.zip
10.1177_0022002712439496,https://journals.sagepub.com/doi/suppl/10.1177/0022002712439496/suppl_file/10_1177_0022002712439496_Data_set.zip
10.1177_0022002712445731,https://journals.sagepub.com/doi/suppl/10.1177/0022002712445731/suppl_file/10_1177_0022002712445731.zip
10.1177_0022002712445732,https://journals.sagepub.com/doi/suppl/10.1177/0022002712445732/suppl_file/445732_-_Data_Supplement.zip
10.1177_0022002712445736,https://journals.sagepub.com/doi/suppl/10.1177/0022002712445736/suppl_file/10_1177_0022002712445736.zip
10.1177_0022002712445737,https://journals.sagepub.com/doi/suppl/10.1177/0022002712445737/suppl_file/10_1177_0022002712445737.zip
10.1177_0022002712445739,https://journals.sagepub.com/doi/suppl/10.1177/0022002712445739/suppl_file/10_1177_0022002712445739.zip
10.1177_0022002712445741,https://journals.sagepub.com/doi/suppl/10.1177/0022002712445741/suppl_file/10_1177_0022002712445741_Data_Set.zip
10.1177_0022002712445746,https://journals.sagepub.com/doi/suppl/10.1177/0022002712445746/suppl_file/445746_Data_Supplement.zip
10.1177_0022002712446124,https://journals.sagepub.com/doi/suppl/10.1177/0022002712446124/suppl_file/10_1177_0022002712446124.zip
10.1177_0022002712446126,https://journals.sagepub.com/doi/suppl/10.1177/0022002712446126/suppl_file/446126_Data_Supplement.zip
10.1177_0022002712446127,https://journals.sagepub.com/doi/suppl/10.1177/0022002712446127/suppl_file/446127_Data_Supplement.zip
10.1177_0022002712446129,https://journals.sagepub.com/doi/suppl/10.1177/0022002712446129/suppl_file/446129_Data_Supplement.zip
10.1177_0022002712448904,https://journals.sagepub.com/doi/suppl/10.1177/0022002712448904/suppl_file/10_1177_0022002712448904.zip
10.1177_0022002712448906,https://journals.sagepub.com/doi/suppl/10.1177/0022002712448906/suppl_file/10_1177_0022002712448906.zip
10.1177_0022002712448907,https://journals.sagepub.com/doi/suppl/10.1177/0022002712448907/suppl_file/10_1177_0022002712448907.zip
10.1177_0022002712448909,https://journals.sagepub.com/doi/suppl/10.1177/0022002712448909/suppl_file/10_1177_0022002712448909.zip
10.1177_0022002712448908,https://journals.sagepub.com/doi/suppl/10.1177/0022002712448908/suppl_file/10_1177_0022002712448908.zip
10.1177_0022002712448911,https://journals.sagepub.com/doi/suppl/10.1177/0022002712448911/suppl_file/10_1177_0022002712448911.zip
10.1177_0022002712448912,https://journals.sagepub.com/doi/suppl/10.1177/0022002712448912/suppl_file/10_1177_0022002712448912.zip
10.1177_0022002712448913,https://journals.sagepub.com/doi/suppl/10.1177/0022002712448913/suppl_file/10_1177_0022002712448913.zip
10.1177_0022002712449323,https://journals.sagepub.com/doi/suppl/10.1177/0022002712449323/suppl_file/10_1177_0022002712449323.zip
10.1177_0022002712449325,https://journals.sagepub.com/doi/suppl/10.1177/0022002712449325/suppl_file/10_1177_0022002712449325.zip
10.1177_0022002712449326,https://journals.sagepub.com/doi/suppl/10.1177/0022002712449326/suppl_file/10_1177_0022002712449326.zip
10.1177_0022002712449327,https://journals.sagepub.com/doi/suppl/10.1177/0022002712449327/suppl_file/10_1177_0022002712449327.zip
10.1177_0022002712453702,https://journals.sagepub.com/doi/suppl/10.1177/0022002712453702/suppl_file/MettlerReiterJCR.zip
10.1177_0022002712453703,https://journals.sagepub.com/doi/suppl/10.1177/0022002712453703/suppl_file/Data_Set.zip
10.1177_0022002712453709,https://journals.sagepub.com/doi/suppl/10.1177/0022002712453709/suppl_file/UDBP_2013_JCR_repdata.zip
10.1177_0022002712459710,https://journals.sagepub.com/doi/suppl/10.1177/0022002712459710/suppl_file/10_1177_0022002712459710.zip
10.1177_0022002712457746,https://journals.sagepub.com/doi/suppl/10.1177/0022002712457746/suppl_file/Data_suuplement.zip
10.1177_0022002712459707,https://journals.sagepub.com/doi/suppl/10.1177/0022002712459707/suppl_file/10_1177_0022002712459707.zip
10.1177_0022002712459708,https://journals.sagepub.com/doi/suppl/10.1177/0022002712459708/suppl_file/10_1177_0022002712459708.zip
10.1177_0022002712459709,https://journals.sagepub.com/doi/suppl/10.1177/0022002712459709/suppl_file/10_1177_0022002712459709.zip
10.1177_0022002712459711,https://journals.sagepub.com/doi/suppl/10.1177/0022002712459711/suppl_file/10_1177_0022002712459711.zip
10.1177_0022002712459713,https://journals.sagepub.com/doi/suppl/10.1177/0022002712459713/suppl_file/10_1177_0022002712459713.zip
10.1177_0022002712459714,https://journals.sagepub.com/doi/suppl/10.1177/0022002712459714/suppl_file/10_1177_0022002712459714.zip
10.1177_0022002712467932,https://journals.sagepub.com/doi/suppl/10.1177/0022002712467932/suppl_file/Data_Set.zip
10.1177_0022002712464852,https://journals.sagepub.com/doi/suppl/10.1177/0022002712464852/suppl_file/464852_Data_Supplement.zip
10.1177_0022002712468691,https://journals.sagepub.com/doi/suppl/10.1177/0022002712468691/suppl_file/Data_Set.zip
10.1177_0022002712467937,https://journals.sagepub.com/doi/suppl/10.1177/0022002712467937/suppl_file/Dataset.zip
10.1177_0022002712468720,https://journals.sagepub.com/doi/suppl/10.1177/0022002712468720/suppl_file/dataset_1.zip
10.1177_0022002712468717,https://journals.sagepub.com/doi/suppl/10.1177/0022002712468717/suppl_file/Data_Set.zip
10.1177_0022002713478565,https://journals.sagepub.com/doi/suppl/10.1177/0022002713478565/suppl_file/10.11770022002713478565.zip
10.1177_0022002712468726,https://journals.sagepub.com/doi/suppl/10.1177/0022002712468726/suppl_file/Horowitz_Replication_Files.zip
10.1177_0022002713478564,https://journals.sagepub.com/doi/suppl/10.1177/0022002713478564/suppl_file/10.11770022002713478564.zip
10.1177_0022002713478567,https://journals.sagepub.com/doi/suppl/10.1177/0022002713478567/suppl_file/10.11770022002713478567.zip
10.1177_0022002713478566,https://journals.sagepub.com/doi/suppl/10.1177/0022002713478566/suppl_file/10.11770022002713478566.zip
10.1177_0022002713478569,https://journals.sagepub.com/doi/suppl/10.1177/0022002713478569/suppl_file/10.11770022002713478569.zip
10.1177_0022002713478792,https://journals.sagepub.com/doi/suppl/10.1177/0022002713478792/suppl_file/10.11770022002713478792.zip
10.1177_0022002713478794,https://journals.sagepub.com/doi/suppl/10.1177/0022002713478794/suppl_file/10.11770022002713478794.zip
10.1177_0022002713487318,https://journals.sagepub.com/doi/suppl/10.1177/0022002713487318/suppl_file/10.11770022002713487318.zip
10.1177_0022002713484280,https://journals.sagepub.com/doi/suppl/10.1177/0022002713484280/suppl_file/10.11770022002713484280.zip
10.1177_0022002713484282,https://journals.sagepub.com/doi/suppl/10.1177/0022002713484282/suppl_file/10.11770022002713484282.zip
10.1177_0022002713487312,https://journals.sagepub.com/doi/suppl/10.1177/0022002713487312/suppl_file/10.11770022002713487312.zip
10.1177_0022002713487314,https://journals.sagepub.com/doi/suppl/10.1177/0022002713487314/suppl_file/10.11770022002713487314.zip
10.1177_0022002713487317,https://journals.sagepub.com/doi/suppl/10.1177/0022002713487317/suppl_file/10.11770022002713487317.zip
10.1177_0022002713487320,https://journals.sagepub.com/doi/suppl/10.1177/0022002713487320/suppl_file/10.11770022002713487320.zip
10.1177_0022002713487319,https://journals.sagepub.com/doi/suppl/10.1177/0022002713487319/suppl_file/10.11770022002713487319.zip
10.1177_0022002713492634,https://journals.sagepub.com/doi/suppl/10.1177/0022002713492634/suppl_file/10.11770022002713492634.zip
10.1177_0022002713492636,https://journals.sagepub.com/doi/suppl/10.1177/0022002713492636/suppl_file/Data_set.zip
10.1177_0022002713492638,https://journals.sagepub.com/doi/suppl/10.1177/0022002713492638/suppl_file/492638.zip
10.1177_0022002713498706,https://journals.sagepub.com/doi/suppl/10.1177/0022002713498706/suppl_file/498706_-_Hoffman_et.al
10.1177_0022002713492639,https://journals.sagepub.com/doi/suppl/10.1177/0022002713492639/suppl_file/10.11770022002713492639.zip
10.1177_0022002713492649,https://journals.sagepub.com/doi/suppl/10.1177/0022002713492649/suppl_file/10.11770022002713492649.zip
10.1177_0022002713498699,https://journals.sagepub.com/doi/suppl/10.1177/0022002713498699/suppl_file/10.11770022002713498699.zip
10.1177_0022002713498705,https://journals.sagepub.com/doi/suppl/10.1177/0022002713498705/suppl_file/10.11770022002713498705.zip
10.1177_0022002713499723,https://journals.sagepub.com/doi/suppl/10.1177/0022002713499723/suppl_file/499723_-_Vreeland.zip
10.1177_0022002713498707,https://journals.sagepub.com/doi/suppl/10.1177/0022002713498707/suppl_file/10.11770022002713498707.zip
10.1177_0022002713498708,https://journals.sagepub.com/doi/suppl/10.1177/0022002713498708/suppl_file/10.11770022002713498708.zip
10.1177_0022002713499715,https://journals.sagepub.com/doi/suppl/10.1177/0022002713499715/suppl_file/499715_-_Renshon.zip
10.1177_0022002713499718,https://journals.sagepub.com/doi/suppl/10.1177/0022002713499718/suppl_file/499718_-_Miller.zip
10.1177_0022002713499719,https://journals.sagepub.com/doi/suppl/10.1177/0022002713499719/suppl_file/10.1177_0022002713499719.zip
10.1177_0022002713499720,https://journals.sagepub.com/doi/suppl/10.1177/0022002713499720/suppl_file/10.1177_0022002713499720.zip
10.1177_0022002713503299,https://journals.sagepub.com/doi/suppl/10.1177/0022002713503299/suppl_file/503299_-_Wellhausen.zip
10.1177_0022002713503285,https://journals.sagepub.com/doi/suppl/10.1177/0022002713503285/suppl_file/503285_-_Fey_et._al.zip
10.1177_0022002713509052,https://journals.sagepub.com/doi/suppl/10.1177/0022002713509052/suppl_file/Data_Set.zip
10.1177_0022002713503298,https://journals.sagepub.com/doi/suppl/10.1177/0022002713503298/suppl_file/503298_-_Konig.zip
10.1177_0022002713503807,https://journals.sagepub.com/doi/suppl/10.1177/0022002713503807/suppl_file/503807_-_Greig.zip
10.1177_0022002713503809,https://journals.sagepub.com/doi/suppl/10.1177/0022002713503809/suppl_file/503809_-_Nardulli_et.al
10.1177_0022002713508927,https://journals.sagepub.com/doi/suppl/10.1177/0022002713508927/suppl_file/Data_Set.zip
10.1177_0022002713509049,https://journals.sagepub.com/doi/suppl/10.1177/0022002713509049/suppl_file/Data_Set.zip
10.1177_0022002713509050,https://journals.sagepub.com/doi/suppl/10.1177/0022002713509050/suppl_file/Data_Set.zip
10.1177_0022002713509054,https://journals.sagepub.com/doi/suppl/10.1177/0022002713509054/suppl_file/Data_Set.zip
10.1177_0022002713516843,https://journals.sagepub.com/doi/suppl/10.1177/0022002713516843/suppl_file/516843_-_Klor.zip
10.1177_0022002713509055,https://journals.sagepub.com/doi/suppl/10.1177/0022002713509055/suppl_file/Data_Set.zip
10.1177_0022002713515400,https://journals.sagepub.com/doi/suppl/10.1177/0022002713515400/suppl_file/515400_-_Warren_and_Troy.zip
10.1177_0022002713515403,https://journals.sagepub.com/doi/suppl/10.1177/0022002713515403/suppl_file/515403.rar
10.1177_0022002713515401,https://journals.sagepub.com/doi/suppl/10.1177/0022002713515401/suppl_file/515401_-_Bausch.zip
10.1177_0022002713515406,https://journals.sagepub.com/doi/suppl/10.1177/0022002713515406/suppl_file/515406.rar
10.1177_0022002713515409,https://journals.sagepub.com/doi/suppl/10.1177/0022002713515409/suppl_file/515409_-_Verpoorten.zip
10.1177_0022002713516841,https://journals.sagepub.com/doi/suppl/10.1177/0022002713516841/suppl_file/516841.rar
10.1177_0022002713520533,https://journals.sagepub.com/doi/suppl/10.1177/0022002713520533/suppl_file/Data_Set.zip
10.1177_0022002713520479,https://journals.sagepub.com/doi/suppl/10.1177/0022002713520479/suppl_file/520479.rar
10.1177_0022002713520529,https://journals.sagepub.com/doi/suppl/10.1177/0022002713520529/suppl_file/Data_Set.zip
10.1177_0022002714528006,https://journals.sagepub.com/doi/suppl/10.1177/0022002714528006/suppl_file/528006.zip
10.1177_0022002713520530,https://journals.sagepub.com/doi/suppl/10.1177/0022002713520530/suppl_file/Data_Set.zip
10.1177_0022002713520531,https://journals.sagepub.com/doi/suppl/10.1177/0022002713520531/suppl_file/520531.rar
10.1177_0022002713520534,https://journals.sagepub.com/doi/suppl/10.1177/0022002713520534/suppl_file/Data_Set.zip
10.1177_0022002713520589,https://journals.sagepub.com/doi/suppl/10.1177/0022002713520589/suppl_file/Data_Set.zip
10.1177_0022002713520590,https://journals.sagepub.com/doi/suppl/10.1177/0022002713520590/suppl_file/Data_Set.zip
10.1177_0022002714535250,https://journals.sagepub.com/doi/suppl/10.1177/0022002714535250/suppl_file/535250__-_Kahn.zip
10.1177_0022002714530429,https://journals.sagepub.com/doi/suppl/10.1177/0022002714530429/suppl_file/Data_set.zip
10.1177_0022002714530430,https://journals.sagepub.com/doi/suppl/10.1177/0022002714530430/suppl_file/Using_Power_Laws_-_Data_and_code.zip
10.1177_0022002714530431,https://journals.sagepub.com/doi/suppl/10.1177/0022002714530431/suppl_file/Data_set.zip
10.1177_0022002714532689,https://journals.sagepub.com/doi/suppl/10.1177/0022002714532689/suppl_file/Data_Set.zip
10.1177_0022002714535251,https://journals.sagepub.com/doi/suppl/10.1177/0022002714535251/suppl_file/Data_set.zip
10.1177_0022002714535252,https://journals.sagepub.com/doi/suppl/10.1177/0022002714535252/suppl_file/Data_Set.zip
10.1177_0022002714535431,https://journals.sagepub.com/doi/suppl/10.1177/0022002714535431/suppl_file/535431_-_Manger.zip
10.1177_0022002714540469,https://journals.sagepub.com/doi/suppl/10.1177/0022002714540469/suppl_file/Data_Set.zip
10.1177_0022002714540470,https://journals.sagepub.com/doi/suppl/10.1177/0022002714540470/suppl_file/Data_Set.zip
10.1177_0022002714540472,https://journals.sagepub.com/doi/suppl/10.1177/0022002714540472/suppl_file/Data_Set.zip
10.1177_0022002714540471,https://journals.sagepub.com/doi/suppl/10.1177/0022002714540471/suppl_file/Data__Set.zip
10.1177_0022002714541854,https://journals.sagepub.com/doi/suppl/10.1177/0022002714541854/suppl_file/Data_Set.zip
10.1177_0022002714541843,https://journals.sagepub.com/doi/suppl/10.1177/0022002714541843/suppl_file/Data_Set.zip
10.1177_0022002714541853,https://journals.sagepub.com/doi/suppl/10.1177/0022002714541853/suppl_file/Data_set.zip
10.1177_0022002714547886,https://journals.sagepub.com/doi/suppl/10.1177/0022002714547886/suppl_file/547886_Tranchant.zip
10.1177_0022002714545222,https://journals.sagepub.com/doi/suppl/10.1177/0022002714545222/suppl_file/Moon-Souva_Replication_Data_and_Do_Files.rar
10.1177_0022002714545223,https://journals.sagepub.com/doi/suppl/10.1177/0022002714545223/suppl_file/Data_Set.zip
10.1177_0022002714545331,https://journals.sagepub.com/doi/suppl/10.1177/0022002714545331/suppl_file/Data_Set.zip
10.1177_0022002714545332,https://journals.sagepub.com/doi/suppl/10.1177/0022002714545332/suppl_file/Data_Set.zip
10.1177_0022002714547904,https://journals.sagepub.com/doi/suppl/10.1177/0022002714547904/suppl_file/547904_Arjona.zip
10.1177_0022002714545333,https://journals.sagepub.com/doi/suppl/10.1177/0022002714545333/suppl_file/2014_06_13_Contest_Photo_JCR_Data.csv
10.1177_0022002714547885,https://journals.sagepub.com/doi/suppl/10.1177/0022002714547885/suppl_file/547885_Sabates-Wheeler.zip
10.1177_0022002714547901,https://journals.sagepub.com/doi/suppl/10.1177/0022002714547901/suppl_file/547901_McLauchlin.zip
10.1177_0022002714547902,https://journals.sagepub.com/doi/suppl/10.1177/0022002714547902/suppl_file/onlineapp.zip
10.1177_0022002714547903,https://journals.sagepub.com/doi/suppl/10.1177/0022002714547903/suppl_file/547903_Balcells.zip
10.1177_0022002714550085,https://journals.sagepub.com/doi/suppl/10.1177/0022002714550085/suppl_file/JCR-13-0218.R1_-_Dowd.zip
10.1177_0022002714550086,https://journals.sagepub.com/doi/suppl/10.1177/0022002714550086/suppl_file/JCR-13-0357.R1_-_Choi.zip
10.1177_0022002714560344,https://journals.sagepub.com/doi/suppl/10.1177/0022002714560344/suppl_file/Data_Set.zip
10.1177_0022002714553108,https://journals.sagepub.com/doi/suppl/10.1177/0022002714553108/suppl_file/JCR-13-0306.R2_-_Poast.zip
10.1177_0022002714564426,https://journals.sagepub.com/doi/suppl/10.1177/0022002714564426/suppl_file/JCR-13-0158.R1_-_Xiao_and_Kunreuther.rar
10.1177_0022002714553110,https://journals.sagepub.com/doi/suppl/10.1177/0022002714553110/suppl_file/JCR-13-0430.R1_-_Bas.zip
10.1177_0022002714560348,https://journals.sagepub.com/doi/suppl/10.1177/0022002714560348/suppl_file/JCR_13-0176.R1-_Benson_and_Clinton.zip
10.1177_0022002714560349,https://journals.sagepub.com/doi/suppl/10.1177/0022002714560349/suppl_file/JCR-13-0228.R2_-_Hovi.zip
10.1177_0022002714560350,https://journals.sagepub.com/doi/suppl/10.1177/0022002714560350/suppl_file/ReplicationMaterials.zip
10.1177_0022002714564014,https://journals.sagepub.com/doi/suppl/10.1177/0022002714564014/suppl_file/additional_material-JCR-13-0069.R1_-_LEON_AND_AIDT.zip
10.1177_0022002714567946,https://journals.sagepub.com/doi/suppl/10.1177/0022002714567946/suppl_file/567946.zip
10.1177_0022002714564427,https://journals.sagepub.com/doi/suppl/10.1177/0022002714564427/suppl_file/JCR-13-0296.R2_-_Kenworthy_et_al.zip
10.1177_0022002714564431,https://journals.sagepub.com/doi/suppl/10.1177/0022002714564431/suppl_file/JCR-14-0027.R1___Wayne_et_al.zip
10.1177_0022002714567947,https://journals.sagepub.com/doi/suppl/10.1177/0022002714567947/suppl_file/567947.zip
10.1177_0022002714567948,https://journals.sagepub.com/doi/suppl/10.1177/0022002714567948/suppl_file/567948.zip
10.1177_0022002714567950,https://journals.sagepub.com/doi/suppl/10.1177/0022002714567950/suppl_file/567950.zip
10.1177_0022002715569772,https://journals.sagepub.com/doi/suppl/10.1177/0022002715569772/suppl_file/Data_Set.zip
10.1177_0022002715569770,https://journals.sagepub.com/doi/suppl/10.1177/0022002715569770/suppl_file/Data_Set.zip
10.1177_0022002715576746,https://journals.sagepub.com/doi/suppl/10.1177/0022002715576746/suppl_file/JCR-13-0363.R1_-_Eck.zip
10.1177_0022002715569771,https://journals.sagepub.com/doi/suppl/10.1177/0022002715569771/suppl_file/Replication_file.zip
10.1177_0022002715569773,https://journals.sagepub.com/doi/suppl/10.1177/0022002715569773/suppl_file/Appendix.zip
10.1177_0022002715576572,https://journals.sagepub.com/doi/suppl/10.1177/0022002715576572/suppl_file/576572_ Bilgel and Karahasan.zip
10.1177_0022002715576571,https://journals.sagepub.com/doi/suppl/10.1177/0022002715576571/suppl_file/576571_McManus and Kydd.zip
10.1177_0022002715569774,https://journals.sagepub.com/doi/suppl/10.1177/0022002715569774/suppl_file/Data_Set.zip
10.1177_0022002715576747,https://journals.sagepub.com/doi/suppl/10.1177/0022002715576747/suppl_file/JCR-13-0364.R1_-_Carey_et_al.zip
10.1177_0022002715587052,https://journals.sagepub.com/doi/suppl/10.1177/0022002715587052/suppl_file/Data_Set.zip
10.1177_0022002715576748,https://journals.sagepub.com/doi/suppl/10.1177/0022002715576748/suppl_file/Replication_materials.zip
10.1177_0022002715576751,https://journals.sagepub.com/doi/suppl/10.1177/0022002715576751/suppl_file/576751_Stanton.zip
10.1177_0022002715576750,https://journals.sagepub.com/doi/suppl/10.1177/0022002715576750/suppl_file/576750_Oppenheim_et_al.zip
10.1177_0022002715587048,https://journals.sagepub.com/doi/suppl/10.1177/0022002715587048/suppl_file/Data_Set.zip
10.1177_0022002715590873,https://journals.sagepub.com/doi/suppl/10.1177/0022002715590873/suppl_file/Kim_Replication_Materials_and_Online_Appendix_JCR.zip
10.1177_0022002715587053,https://journals.sagepub.com/doi/suppl/10.1177/0022002715587053/suppl_file/replication_files.zip
10.1177_0022002715587100,https://journals.sagepub.com/doi/suppl/10.1177/0022002715587100/suppl_file/Data_Set.zip
10.1177_0022002715590878,https://journals.sagepub.com/doi/suppl/10.1177/0022002715590878/suppl_file/Data_Set.zip
10.1177_0022002715595701,https://journals.sagepub.com/doi/suppl/10.1177/0022002715595701/suppl_file/Data_Set.zip
10.1177_0022002715595698,https://journals.sagepub.com/doi/suppl/10.1177/0022002715595698/suppl_file/Data_Set.zip
10.1177_0022002715595699,https://journals.sagepub.com/doi/suppl/10.1177/0022002715595699/suppl_file/Data Set.zip
10.1177_0022002715595702,https://journals.sagepub.com/doi/suppl/10.1177/0022002715595702/suppl_file/Data_Set.zip
10.1177_0022002715595864,https://journals.sagepub.com/doi/suppl/10.1177/0022002715595864/suppl_file/Data_Set.zip
10.1177_0022002715600755,https://journals.sagepub.com/doi/suppl/10.1177/0022002715600755/suppl_file/600755_Bormann_et_al.zip
10.1177_0022002715596777,https://journals.sagepub.com/doi/suppl/10.1177/0022002715596777/suppl_file/Pond_JCR_Replication.do
10.1177_0022002715600760,https://journals.sagepub.com/doi/suppl/10.1177/0022002715600760/suppl_file/esbuild.zip
10.1177_0022002715600761,https://journals.sagepub.com/doi/suppl/10.1177/0022002715600761/suppl_file/Supplement.zip
10.1177_0022002715603098,https://journals.sagepub.com/doi/suppl/10.1177/0022002715603098/suppl_file/JCR-14-0183.R2_-_Bell_and_Sudduth.zip
10.1177_0022002715603099,https://journals.sagepub.com/doi/suppl/10.1177/0022002715603099/suppl_file/SupplementaryMaterial.zip
10.1177_0022002715603767,https://journals.sagepub.com/doi/suppl/10.1177/0022002715603767/suppl_file/sierra_leone_CR_dataset.dta
10.1177_0022002715603451,https://journals.sagepub.com/doi/suppl/10.1177/0022002715603451/suppl_file/Supplements.zip
10.1177_0022002715603452,https://journals.sagepub.com/doi/suppl/10.1177/0022002715603452/suppl_file/SupplementaryMaterial.zip
10.1177_0022002715612575,https://journals.sagepub.com/doi/suppl/10.1177/0022002715612575/suppl_file/JCR-14-0314.R2.zip
10.1177_0022002715603453,https://journals.sagepub.com/doi/suppl/10.1177/0022002715603453/suppl_file/Attachment_supplements.zip
10.1177_0022002715603766,https://journals.sagepub.com/doi/suppl/10.1177/0022002715603766/suppl_file/UED JCR repdata.zip
10.1177_0022002715604886,https://journals.sagepub.com/doi/suppl/10.1177/0022002715604886/suppl_file/JCR-14-0196.R1.zip
10.1177_0022002715611231,https://journals.sagepub.com/doi/suppl/10.1177/0022002715611231/suppl_file/JCR-14-0257.R3.zip
10.1177_0022002715613139,https://journals.sagepub.com/doi/suppl/10.1177/0022002715613139/suppl_file/Replication_file_and_online_appendix.zip
10.1177_0022002715613842,https://journals.sagepub.com/doi/suppl/10.1177/0022002715613842/suppl_file/JCR-14-0300.R2.zip
10.1177_0022002715620470,https://journals.sagepub.com/doi/suppl/10.1177/0022002715620470/suppl_file/JCR-14-0315.R1_Schultz.zip
10.1177_0022002715620473,https://journals.sagepub.com/doi/suppl/10.1177/0022002715620473/suppl_file/SuppMat.zip
10.1177_0022002715626248,https://journals.sagepub.com/doi/suppl/10.1177/0022002715626248/suppl_file/JCR-14-0340.R2.zip
10.1177_0022002716628282,https://journals.sagepub.com/doi/suppl/10.1177/0022002716628282/suppl_file/Jenke_Gelpi_onlinesupp.zip
10.1177_0022002716645388,https://journals.sagepub.com/doi/suppl/10.1177/0022002716645388/suppl_file/Replication_material.zip
10.1177_0022002716644329,https://journals.sagepub.com/doi/suppl/10.1177/0022002716644329/suppl_file/Replication_materials.zip
10.1177_0022002716654742,https://journals.sagepub.com/doi/suppl/10.1177/0022002716654742/suppl_file/johnsonthyneJCRrep.zip
10.1177_0022002716652687,https://journals.sagepub.com/doi/suppl/10.1177/0022002716652687/suppl_file/JCR-14-0229.R1.zip
10.1177_0022002716656448,https://journals.sagepub.com/doi/suppl/10.1177/0022002716656448/suppl_file/SupplementaryMaterial.zip
10.1177_0022002716654970,https://journals.sagepub.com/doi/suppl/10.1177/0022002716654970/suppl_file/jcr_land_conflict_data.dta
10.1177_0022002716655441,https://journals.sagepub.com/doi/suppl/10.1177/0022002716655441/suppl_file/ReplicationMaterial.zip
10.1177_0022002716656446,https://journals.sagepub.com/doi/suppl/10.1177/0022002716656446/suppl_file/JCR_656446_supp.zip
10.1177_0022002716656447,https://journals.sagepub.com/doi/suppl/10.1177/0022002716656447/suppl_file/JCR_Replication_Files_(1).zip
10.1177_0022002716660587,https://journals.sagepub.com/doi/suppl/10.1177/0022002716660587/suppl_file/MS_failed_states_online_appendix.doc
10.1177_0022002716669809,https://journals.sagepub.com/doi/suppl/10.1177/0022002716669809/suppl_file/JCR-15-0319.R1.zip
10.1177_0022002716669206,https://journals.sagepub.com/doi/suppl/10.1177/0022002716669206/suppl_file/ReplicationMaterials.zip
10.1177_0022002716669572,https://journals.sagepub.com/doi/suppl/10.1177/0022002716669572/suppl_file/download.zip
10.1177_0022002716682593,https://journals.sagepub.com/doi/suppl/10.1177/0022002716682593/suppl_file/replication.zip
10.1177_0022002716673702,https://journals.sagepub.com/doi/suppl/10.1177/0022002716673702/suppl_file/Oilterror.zip
10.1177_0022002716684626,https://journals.sagepub.com/doi/suppl/10.1177/0022002716684626/suppl_file/Replication_files_(1).zip
10.1177_0022002716674536,https://journals.sagepub.com/doi/suppl/10.1177/0022002716674536/suppl_file/ReplicationMaterials_KelmendiRadin.zip
10.1177_0022002716677568,https://journals.sagepub.com/doi/suppl/10.1177/0022002716677568/suppl_file/RepMat.zip
10.1177_0022002716685611,https://journals.sagepub.com/doi/suppl/10.1177/0022002716685611/suppl_file/thyne_etal_JCRreps.zip
10.1177_0022002716678986,https://journals.sagepub.com/doi/suppl/10.1177/0022002716678986/suppl_file/0._Replication.zip
10.1177_0022002716680266,https://journals.sagepub.com/doi/suppl/10.1177/0022002716680266/suppl_file/JCR-15-0379.R1.zip
10.1177_0022002717692652,https://journals.sagepub.com/doi/suppl/10.1177/0022002717692652/suppl_file/ESD_PreventingCoups_Data.dta
10.1177_0022002717698019,https://journals.sagepub.com/doi/suppl/10.1177/0022002717698019/suppl_file/FINAL-unmil-politicalparticipation-liberia-appendix.tex
10.1177_0022002717701818,https://journals.sagepub.com/doi/suppl/10.1177/0022002717701818/suppl_file/Supplementam_Material_David.zip
10.1177_0022002716686828,https://journals.sagepub.com/doi/suppl/10.1177/0022002716686828/suppl_file/backlash_JCR_replication_files.zip
10.1177_0022002716686829,https://journals.sagepub.com/doi/suppl/10.1177/0022002716686829/suppl_file/JCR_Replication_20161204.zip
10.1177_0022002717693047,https://journals.sagepub.com/doi/suppl/10.1177/0022002717693047/suppl_file/000_FinalSubmission.zip
10.1177_0022002717693049,https://journals.sagepub.com/doi/suppl/10.1177/0022002717693049/suppl_file/Moro.zip
10.1177_0022002717704952,https://journals.sagepub.com/doi/suppl/10.1177/0022002717704952/suppl_file/Savun and Tirone JCR 2017 Replication Dataset - Foreign Aid as a Counterterrorism Tool.dta
10.1177_0022002717698018,https://journals.sagepub.com/doi/suppl/10.1177/0022002717698018/suppl_file/Replication_files_Linke.zip
10.1177_0022002717707238,https://journals.sagepub.com/doi/suppl/10.1177/0022002717707238/suppl_file/Sample_data_stata.dta
10.1177_0022002717698819,https://journals.sagepub.com/doi/suppl/10.1177/0022002717698819/suppl_file/CrismanCox.zip
10.1177_0022002717701181,https://journals.sagepub.com/doi/suppl/10.1177/0022002717701181/suppl_file/GJK-P1-ONLINE-APPENDIX-JCR-FINAL.tex
10.1177_0022002717703684,https://journals.sagepub.com/doi/suppl/10.1177/0022002717703684/suppl_file/replication_data_JCR.sav
10.1177_0022002717704890,https://journals.sagepub.com/doi/suppl/10.1177/0022002717704890/suppl_file/Replication Materials.zip
10.1177_0022002717719974,https://journals.sagepub.com/doi/suppl/10.1177/0022002717719974/suppl_file/SuppMat.zip
10.1177_0022002717707239,https://journals.sagepub.com/doi/suppl/10.1177/0022002717707239/suppl_file/war_default_manuscript_JCR_040417.zip
10.1177_0022002717707303,https://journals.sagepub.com/doi/suppl/10.1177/0022002717707303/suppl_file/Appendix.zip
10.1177_0022002717707304,https://journals.sagepub.com/doi/suppl/10.1177/0022002717707304/suppl_file/ChuBraithwaite.zip
10.1177_0022002717708599,https://journals.sagepub.com/doi/suppl/10.1177/0022002717708599/suppl_file/Gibler_and_Owsiak_rep_data.zip
10.1177_0022002717708600,https://journals.sagepub.com/doi/suppl/10.1177/0022002717708600/suppl_file/Ley_JCR_SurveyQuestions_English.zip
10.1177_0022002717711501,https://journals.sagepub.com/doi/suppl/10.1177/0022002717711501/suppl_file/Replication_Data.zip
10.1177_0022002717720754,https://journals.sagepub.com/doi/suppl/10.1177/0022002717720754/suppl_file/onlinesupplements.zip
10.1177_0022002717721612,https://journals.sagepub.com/doi/suppl/10.1177/0022002717721612/suppl_file/SuppMat.zip
10.1177_0022002717723434,https://journals.sagepub.com/doi/suppl/10.1177/0022002717723434/suppl_file/SuppMat.zip
10.1177_0022002717721393,https://journals.sagepub.com/doi/suppl/10.1177/0022002717721393/suppl_file/SuppMat.zip
10.1177_0022002717721394,https://journals.sagepub.com/doi/suppl/10.1177/0022002717721394/suppl_file/Online_appendix.tex
10.1177_0022002717723962,https://journals.sagepub.com/doi/suppl/10.1177/0022002717723962/suppl_file/JCR-16-0194.R2.zip
10.1177_0022002717721395,https://journals.sagepub.com/doi/suppl/10.1177/0022002717721395/suppl_file/SuppMat.zip
10.1177_0022002717727818,https://journals.sagepub.com/doi/suppl/10.1177/0022002717727818/suppl_file/JCR-16-0250.R1.zip
10.1177_0022002717723136,https://journals.sagepub.com/doi/suppl/10.1177/0022002717723136/suppl_file/SuppMat.zip
10.1177_0022002717723433,https://journals.sagepub.com/doi/suppl/10.1177/0022002717723433/suppl_file/SuppMat.zip
10.1177_0022002717729882,https://journals.sagepub.com/doi/suppl/10.1177/0022002717729882/suppl_file/for_JCR_729882.zip
10.1177_0022002717737057,https://journals.sagepub.com/doi/suppl/10.1177/0022002717737057/suppl_file/Relac-JCRrep.xls
10.1177_0022002717727829,https://journals.sagepub.com/doi/suppl/10.1177/0022002717727829/suppl_file/Online_Appendix.doc
10.1177_0022002717728105,https://journals.sagepub.com/doi/suppl/10.1177/0022002717728105/suppl_file/JCR-16-0475.R1.zip
10.1177_0022002717728104,https://journals.sagepub.com/doi/suppl/10.1177/0022002717728104/suppl_file/JCR-16-0127.R1.zip
10.1177_0022002717729733,https://journals.sagepub.com/doi/suppl/10.1177/0022002717729733/suppl_file/JCR-16-0022.R1.zip
10.1177_0022002717729734,https://journals.sagepub.com/doi/suppl/10.1177/0022002717729734/suppl_file/replication.zip
10.1177_0022002717737138,https://journals.sagepub.com/doi/suppl/10.1177/0022002717737138/suppl_file/JCR-17-0021.R2_replication.zip
10.1177_0022002717734286,https://journals.sagepub.com/doi/suppl/10.1177/0022002717734286/suppl_file/Replication_package.zip
10.1177_0022002717734285,https://journals.sagepub.com/doi/suppl/10.1177/0022002717734285/suppl_file/JCR-16-0357.R2.zip
10.1177_0022002717735364,https://journals.sagepub.com/doi/suppl/10.1177/0022002717735364/suppl_file/Supplementary_materials.zip
10.1177_0022002717736109,https://journals.sagepub.com/doi/suppl/10.1177/0022002717736109/suppl_file/Replication_Data.zip
10.1177_0022002718761791,https://journals.sagepub.com/doi/suppl/10.1177/0022002718761791/suppl_file/JCR-17-0130.R1.zip
10.1177_0022002717739087,https://journals.sagepub.com/doi/suppl/10.1177/0022002717739087/suppl_file/Davis_Fuchs_Johnson_JCR_replication.zip
10.1177_0022002717739088,https://journals.sagepub.com/doi/suppl/10.1177/0022002717739088/suppl_file/SupplementaryMaterial.zip
10.1177_0022002717744862,https://journals.sagepub.com/doi/suppl/10.1177/0022002717744862/suppl_file/JCR-16-0467.R1.zip
10.1177_0022002718763932,https://journals.sagepub.com/doi/suppl/10.1177/0022002718763932/suppl_file/JCR-16-0238.R1.zip
10.1177_0022002718766414,https://journals.sagepub.com/doi/suppl/10.1177/0022002718766414/suppl_file/JCR-17-0051.R2.zip
10.1177_0022002717751202,https://journals.sagepub.com/doi/suppl/10.1177/0022002717751202/suppl_file/Appendix.zip
10.1177_0022002718755251,https://journals.sagepub.com/doi/suppl/10.1177/0022002718755251/suppl_file/JCR-17-0112.R1.zip
10.1177_0022002718755853,https://journals.sagepub.com/doi/suppl/10.1177/0022002718755853/suppl_file/JCR-17-0059.R1.zip
10.1177_0022002718756489,https://journals.sagepub.com/doi/suppl/10.1177/0022002718756489/suppl_file/JCR-16-0455.R1.zip
10.1177_0022002718763632,https://journals.sagepub.com/doi/suppl/10.1177/0022002718763632/suppl_file/Do_file_for_replication.do
10.1177_0022002718772345,https://journals.sagepub.com/doi/suppl/10.1177/0022002718772345/suppl_file/JCR-17-0220.R1.zip
10.1177_0022002718772352,https://journals.sagepub.com/doi/suppl/10.1177/0022002718772352/suppl_file/JCR-16-0423.R1.zip
10.1177_0022002718770507,https://journals.sagepub.com/doi/suppl/10.1177/0022002718770507/suppl_file/JCR-16-0285.R2.zip
10.1177_0022002718784158,https://journals.sagepub.com/doi/suppl/10.1177/0022002718784158/suppl_file/JCR-17-0111.R2.zip
10.1177_0022002718783236,https://journals.sagepub.com/doi/suppl/10.1177/0022002718783236/suppl_file/JCR-17-0244.R2.zip
10.1177_0022002718770508,https://journals.sagepub.com/doi/suppl/10.1177/0022002718770508/suppl_file/replication.zip
10.1177_0022002718770520,https://journals.sagepub.com/doi/suppl/10.1177/0022002718770520/suppl_file/JCR-17-0299.R1.zip
10.1177_0022002718770522,https://journals.sagepub.com/doi/suppl/10.1177/0022002718770522/suppl_file/JCR-16-0339.R2.zip
10.1177_0022002718772349,https://journals.sagepub.com/doi/suppl/10.1177/0022002718772349/suppl_file/JCR-17-0338.R1.zip
10.1177_0022002718775825,https://journals.sagepub.com/doi/suppl/10.1177/0022002718775825/suppl_file/analysis.zip
10.1177_0022002718777043,https://journals.sagepub.com/doi/suppl/10.1177/0022002718777043/suppl_file/JCR-17-0105.R2.zip
10.1177_0022002718777050,https://journals.sagepub.com/doi/suppl/10.1177/0022002718777050/suppl_file/JCR-17-0266.R1.zip
10.1177_0022002718780481,https://journals.sagepub.com/doi/suppl/10.1177/0022002718780481/suppl_file/JCR-16-0494.R1.zip
10.1177_0022002718785670,https://journals.sagepub.com/doi/suppl/10.1177/0022002718785670/suppl_file/LeadersAdvisersJCRReplication.do
10.1177_0022002718783032,https://journals.sagepub.com/doi/suppl/10.1177/0022002718783032/suppl_file/JCR-17-0312.R2.zip
10.1177_0022002718789748,https://journals.sagepub.com/doi/suppl/10.1177/0022002718789748/suppl_file/JCR_789748.zip
10.1177_0022002718785003,https://journals.sagepub.com/doi/suppl/10.1177/0022002718785003/suppl_file/JCR-17-0164.R1.zip
10.1177_0022002718791676,https://journals.sagepub.com/doi/suppl/10.1177/0022002718791676/suppl_file/Online_Appendix.zip
10.1177_0022002718785693,https://journals.sagepub.com/doi/suppl/10.1177/0022002718785693/suppl_file/JCR_Public_Replication.zip
10.1177_0022002718785969,https://journals.sagepub.com/doi/suppl/10.1177/0022002718785969/suppl_file/JCR-17-0373.R1.zip
10.1177_0022002718786001,https://journals.sagepub.com/doi/suppl/10.1177/0022002718786001/suppl_file/WuWolford_JCR_onlineappendix.rar
10.1177_0022002718792602,https://journals.sagepub.com/doi/suppl/10.1177/0022002718792602/suppl_file/JCR-17-0546.R1.zip
10.1177_0022002718788605,https://journals.sagepub.com/doi/suppl/10.1177/0022002718788605/suppl_file/JCR-16-0445.R2.zip
10.1177_0022002718788926,https://journals.sagepub.com/doi/suppl/10.1177/0022002718788926/suppl_file/JCR-17-0202.R2.zip
10.1177_0022002718789744,https://journals.sagepub.com/doi/suppl/10.1177/0022002718789744/suppl_file/JCR-17-0411.R2.zip
10.1177_0022002718794848,https://journals.sagepub.com/doi/suppl/10.1177/0022002718794848/suppl_file/JCR-17-0449.R2.zip
10.1177_0022002718789751,https://journals.sagepub.com/doi/suppl/10.1177/0022002718789751/suppl_file/Online_Appendix.doc
10.1177_0022002718811531,https://journals.sagepub.com/doi/suppl/10.1177/0022002718811531/suppl_file/Replication_Haircut_JCR.zip
10.1177_0022002718797166,https://journals.sagepub.com/doi/suppl/10.1177/0022002718797166/suppl_file/JCR-18-0098.R1.zip
10.1177_0022002718801965,https://journals.sagepub.com/doi/suppl/10.1177/0022002718801965/suppl_file/Data.zip
10.1177_0022002718815957,https://journals.sagepub.com/doi/suppl/10.1177/0022002718815957/suppl_file/JCR_815957_Replication_BrancatiLucardi_JCR_2018-20181113T113753Z-001.zip
10.1177_0022002718817092,https://journals.sagepub.com/doi/suppl/10.1177/0022002718817092/suppl_file/JCR-17-0169_replication_files.zip
10.1177_0022002718823907,https://journals.sagepub.com/doi/suppl/10.1177/0022002718823907/suppl_file/Replicationdat_dofile.zip
10.1177_0022002719826234,https://journals.sagepub.com/doi/suppl/10.1177/0022002719826234/suppl_file/JCR_RepFiles.zip
10.1177_0022002719827370,https://journals.sagepub.com/doi/suppl/10.1177/0022002719827370/suppl_file/Justino_and_Martorano_replication_data.zip
10.1177_0022002718824394,https://journals.sagepub.com/doi/suppl/10.1177/0022002718824394/suppl_file/AR_COW.dta
10.1177_0022002719832057,https://journals.sagepub.com/doi/suppl/10.1177/0022002719832057/suppl_file/Information_Sheet_on_variables.doc
10.1177_0022002718824636,https://journals.sagepub.com/doi/suppl/10.1177/0022002718824636/suppl_file/Replication_DDR.zip
10.1177_0022002719832346,https://journals.sagepub.com/doi/suppl/10.1177/0022002719832346/suppl_file/Replication_Files_JCR.zip
10.1177_0022002718824642,https://journals.sagepub.com/doi/suppl/10.1177/0022002718824642/suppl_file/Replication_do.do
10.1177_0022002718824984,https://journals.sagepub.com/doi/suppl/10.1177/0022002718824984/suppl_file/JohnsonEtAl_23DEC2018.dta
10.1177_0022002719826115,https://journals.sagepub.com/doi/suppl/10.1177/0022002719826115/suppl_file/3_Online_Appendix.doc
10.1177_0022002719826645,https://journals.sagepub.com/doi/suppl/10.1177/0022002719826645/suppl_file/MGP_JCR_dofile.do
10.1177_0022002719828053,https://journals.sagepub.com/doi/suppl/10.1177/0022002719828053/suppl_file/Replication_Files_Silent_Victims.zip
10.1177_0022002719835601,https://journals.sagepub.com/doi/suppl/10.1177/0022002719835601/suppl_file/Huber_Online_Supplement_LaTex.tex
10.1177_0022002719828103,https://journals.sagepub.com/doi/suppl/10.1177/0022002719828103/suppl_file/JCR_STAC_data_analysis_replication.do
10.1177_0022002719842657,https://journals.sagepub.com/doi/suppl/10.1177/0022002719842657/suppl_file/Replication_folder.zip
10.1177_0022002719831069,https://journals.sagepub.com/doi/suppl/10.1177/0022002719831069/suppl_file/JCRReplicDoFile.do
10.1177_0022002719854209,https://journals.sagepub.com/doi/suppl/10.1177/0022002719854209/suppl_file/Replication_Files.zip
10.1177_0022002719832963,https://journals.sagepub.com/doi/suppl/10.1177/0022002719832963/suppl_file/final_replication_files.zip
10.1177_0022002719854210,https://journals.sagepub.com/doi/suppl/10.1177/0022002719854210/suppl_file/revised.2019.jcr
10.1177_0022002719841125,https://journals.sagepub.com/doi/suppl/10.1177/0022002719841125/suppl_file/Benson_and_Gizelis_UNSCR_and_SV-JCR.do
10.1177_0022002719843989,https://journals.sagepub.com/doi/suppl/10.1177/0022002719843989/suppl_file/jcr-final_12-3-2019.do
10.1177_0022002719849623,https://journals.sagepub.com/doi/suppl/10.1177/0022002719849623/suppl_file/replication_data.zip
10.1177_0022002719847742,https://journals.sagepub.com/doi/suppl/10.1177/0022002719847742/suppl_file/LemkeCrabtree_CW_and_SF_Replication.dta
10.1177_0022002719849676,https://journals.sagepub.com/doi/suppl/10.1177/0022002719849676/suppl_file/Replication_Files.zip
10.1177_0022002719850620,https://journals.sagepub.com/doi/suppl/10.1177/0022002719850620/suppl_file/Replication.zip
10.1177_0022002719857145,https://journals.sagepub.com/doi/suppl/10.1177/0022002719857145/suppl_file/EDTG_Data_and_Replication.zip
10.1177_0022002719859631,https://journals.sagepub.com/doi/suppl/10.1177/0022002719859631/suppl_file/Replication_files.zip
10.1177_0022002719859636,https://journals.sagepub.com/doi/suppl/10.1177/0022002719859636/suppl_file/Replication-package.zip
10.1177_0022002719854786,https://journals.sagepub.com/doi/suppl/10.1177/0022002719854786/suppl_file/Replication_Package_JCR.zip
10.1177_0022002719863844,https://journals.sagepub.com/doi/suppl/10.1177/0022002719863844/suppl_file/Archive.zip
10.1177_0022002719863470,https://journals.sagepub.com/doi/suppl/10.1177/0022002719863470/suppl_file/Data-_How_homelands_change_JCR.dta
10.1177_0022002719857796,https://journals.sagepub.com/doi/suppl/10.1177/0022002719857796/suppl_file/KinneJCR.zip
10.1177_0022002719859651,https://journals.sagepub.com/doi/suppl/10.1177/0022002719859651/suppl_file/Agerberg_Kreft_JCR_code.do
10.1177_0022002719861676,https://journals.sagepub.com/doi/suppl/10.1177/0022002719861676/suppl_file/LutscherEtAl_Replication.zip
10.1177_0022002719867472,https://journals.sagepub.com/doi/suppl/10.1177/0022002719867472/suppl_file/JCR_Syria_Replication.dta
10.1177_0022002719861707,https://journals.sagepub.com/doi/suppl/10.1177/0022002719861707/suppl_file/Main_Results.do
10.1177_0022002719865994,https://journals.sagepub.com/doi/suppl/10.1177/0022002719865994/suppl_file/terror_dataset_JCR_final.dta
10.1177_0022002719867473,https://journals.sagepub.com/doi/suppl/10.1177/0022002719867473/suppl_file/JCR_July2018_BiHsurvey.dta
10.1177_0022002719864140,https://journals.sagepub.com/doi/suppl/10.1177/0022002719864140/suppl_file/latex_appendix.zip
10.1177_0022002719864404,https://journals.sagepub.com/doi/suppl/10.1177/0022002719864404/suppl_file/appendices.tex
10.1177_0022002719875754,https://journals.sagepub.com/doi/suppl/10.1177/0022002719875754/suppl_file/sj-zip-1-jcr-10.1177_0022002719875754.zip
10.1177_0022002719879217,https://journals.sagepub.com/doi/suppl/10.1177/0022002719879217/suppl_file/sj-do-1-jcr-10.1177_0022002719879217.do
10.1177_0022002719879994,https://journals.sagepub.com/doi/suppl/10.1177/0022002719879994/suppl_file/sj-do-1-jcr-10.1177_0022002719879994.do
10.1177_0022002719885428,https://journals.sagepub.comNA
10.1177_0022002719873044,https://journals.sagepub.com/doi/suppl/10.1177/0022002719873044/suppl_file/Replication_Files.zip
10.1177_0022002719887491,https://journals.sagepub.com/doi/suppl/10.1177/0022002719887491/suppl_file/sj-csv-1-jcr-10.1177_0022002719887491.csv
10.1177_0022002719875565,https://journals.sagepub.com/doi/suppl/10.1177/0022002719875565/suppl_file/Replication_JCR.do
10.1177_0022002719887492,https://journals.sagepub.com/doi/suppl/10.1177/0022002719887492/suppl_file/sj-do-1-jcr-10.1177_0022002719887492.do
10.1177_0022002719876000,https://journals.sagepub.com/doi/suppl/10.1177/0022002719876000/suppl_file/AutocraticRulingPartiesDataset.xls
10.1177_0022002719876349,https://journals.sagepub.com/doi/suppl/10.1177/0022002719876349/suppl_file/BCR_replication.zip
10.1177_0022002719888684,https://journals.sagepub.com/doi/suppl/10.1177/0022002719888684/suppl_file/sj-do-1-jcr-10.1177_0022002719888684.do
10.1177_0022002719883369,https://journals.sagepub.com/doi/suppl/10.1177/0022002719883369/suppl_file/sj-dta-1-jcr-10.1177_0022002719883369.dta
10.1177_0022002719883684,https://journals.sagepub.com/doi/suppl/10.1177/0022002719883684/suppl_file/sj-zip-1-jcr-10.1177_0022002719883684.zip
10.1177_0022002719885176,https://journals.sagepub.com/doi/suppl/10.1177/0022002719885176/suppl_file/sj-zip-1-jcr-10.1177_0022002719885176.zip
10.1177_0022002719893446,https://journals.sagepub.com/doi/suppl/10.1177/0022002719893446/suppl_file/sj-zip-1-jcr-10.1177_0022002719893446.zip
10.1177_0022002719896406,https://journals.sagepub.com/doi/suppl/10.1177/0022002719896406/suppl_file/sj-do-1-jcr-10.1177_0022002719896406.do
10.1177_0022002719899443,https://journals.sagepub.com/doi/suppl/10.1177/0022002719899443/suppl_file/sj-zip-1-jcr-10.1177_0022002719899443.zip
10.1177_0022002719900001,https://journals.sagepub.com/doi/suppl/10.1177/0022002719900001/suppl_file/sj-do-1-jcr-10.1177_0022002719900001.do
10.1177_0022002719888689,https://journals.sagepub.com/doi/suppl/10.1177/0022002719888689/suppl_file/sj-zip-1-jcr-10.1177_0022002719888689.zip
10.1177_0022002719900004,https://journals.sagepub.com/doi/suppl/10.1177/0022002719900004/suppl_file/sj-zip-1-jcr-10.1177_0022002719900004.zip
10.1177_0022002719892054,https://journals.sagepub.com/doi/suppl/10.1177/0022002719892054/suppl_file/sj-bib-1-jcr-10.1177_0022002719892054.bib
10.1177_0022002719893740,https://journals.sagepub.com/doi/suppl/10.1177/0022002719893740/suppl_file/sj-do-1-jcr-10.1177_0022002719893740.do
10.1177_0022002719896405,https://journals.sagepub.com/doi/suppl/10.1177/0022002719896405/suppl_file/sj-bib-1-jcr-10.1177_0022002719896405.bib
10.1177_0022002719896838,https://journals.sagepub.com/doi/suppl/10.1177/0022002719896838/suppl_file/sj-bbl-1-jcr-10.1177_0022002719896838.bbl
10.1177_0022002719897121,https://journals.sagepub.com/doi/suppl/10.1177/0022002719897121/suppl_file/sj-do-1-jcr-10.1177_0022002719897121.do
10.1177_0022002719898873,https://journals.sagepub.com/doi/suppl/10.1177/0022002719898873/suppl_file/sj-csv-1-jcr-10.1177_0022002719898873.csv
10.1177_0022002720906446,https://journals.sagepub.com/doi/suppl/10.1177/0022002720906446/suppl_file/sj-do-1-jcr-10.1177_0022002720906446.do
10.1177_0022002719898881,https://journals.sagepub.com/doi/suppl/10.1177/0022002719898881/suppl_file/sj-zip-1-jcr-10.1177_0022002719898881.zip
10.1177_0022002720916854,https://journals.sagepub.com/doi/suppl/10.1177/0022002720916854/suppl_file/sj-do-1-jcr-10.1177_0022002720916854.do
10.1177_0022002720916824,https://journals.sagepub.com/doi/suppl/10.1177/0022002720916824/suppl_file/sj-do-1-jcr-10.1177_0022002720916824.do
10.1177_0022002720907660,https://journals.sagepub.com/doi/suppl/10.1177/0022002720907660/suppl_file/sj-xlsx-1-jcr-10.1177_0022002720907660.xls
10.1177_0022002720907675,https://journals.sagepub.com/doi/suppl/10.1177/0022002720907675/suppl_file/sj-csv-1-jcr-10.1177_0022002720907675.csv
10.1177_0022002720908314,https://journals.sagepub.com/doi/suppl/10.1177/0022002720908314/suppl_file/sj-csv-1-jcr-10.1177_0022002720908314.csv
10.1177_0022002720923400,https://journals.sagepub.com/doi/suppl/10.1177/0022002720923400/suppl_file/sj-zip-1-jcr-10.1177_0022002720923400.zip
10.1177_0022002720912323,https://journals.sagepub.com/doi/suppl/10.1177/0022002720912323/suppl_file/sj-do-1-jcr-10.1177_0022002720912323.do
10.1177_0022002720912818,https://journals.sagepub.com/doi/suppl/10.1177/0022002720912818/suppl_file/sj-zip-1-jcr-10.1177_0022002720912818.zip
10.1177_0022002720912823,https://journals.sagepub.com/doi/suppl/10.1177/0022002720912823/suppl_file/sj-do-1-jcr-10.1177_0022002720912823.do
10.1177_0022002720918923,https://journals.sagepub.com/doi/suppl/10.1177/0022002720918923/suppl_file/sj-zip-1-jcr-10.1177_0022002720918923.zip
10.1177_0022002720937750,https://journals.sagepub.com/doi/suppl/10.1177/0022002720937750/suppl_file/sj-do-1-jcr-10.1177_0022002720937750.do
10.1177_0022002720937748,https://journals.sagepub.com/doi/suppl/10.1177/0022002720937748/suppl_file/sj-zip-1-jcr-10.1177_0022002720937748.zip
10.1177_0022002720930811,https://journals.sagepub.com/doi/suppl/10.1177/0022002720930811/suppl_file/sj-zip-1-jcr-10.1177_0022002720930811.zip
10.1177_0022002720950429,https://journals.sagepub.com/doi/suppl/10.1177/0022002720950429/suppl_file/sj-do-1-jcr-10.1177_0022002720950429.do
10.1177_0022002720951857,https://journals.sagepub.com/doi/suppl/10.1177/0022002720951857/suppl_file/sj-do-1-jcr-10.1177_0022002720951857.do
10.1177_0022002720935956,https://journals.sagepub.com/doi/suppl/10.1177/0022002720935956/suppl_file/sj-zip-1-jcr-10.1177_0022002720935956.zip
10.1177_0022002720951864,https://journals.sagepub.com/doi/suppl/10.1177/0022002720951864/suppl_file/sj-zip-1-jcr-10.1177_0022002720951864.zip
10.1177_0022002720957064,https://journals.sagepub.com/doi/suppl/10.1177/0022002720957064/suppl_file/sj-zip-1-jcr-10.1177_0022002720957064.zip
10.1177_0022002720939304,https://journals.sagepub.com/doi/suppl/10.1177/0022002720939304/suppl_file/sj-zip-1-jcr-10.1177_0022002720939304.zip
10.1177_0022002720942824,https://journals.sagepub.com/doi/suppl/10.1177/0022002720942824/suppl_file/sj-do-1-jcr-10.1177_0022002720942824.do
10.1177_0022002720942585,https://journals.sagepub.com/doi/suppl/10.1177/0022002720942585/suppl_file/sj-do-1-jcr-10.1177_0022002720942585.do
10.1177_0022002720950417,https://journals.sagepub.com/doi/suppl/10.1177/0022002720950417/suppl_file/sj-zip-1-jcr-10.1177_0022002720950417.zip
10.1177_0022002720957714,https://journals.sagepub.com/doi/suppl/10.1177/0022002720957714/suppl_file/sj-zip-1-jcr-10.1177_0022002720957714.zip
10.1177_0022002720958062,https://journals.sagepub.com/doi/suppl/10.1177/0022002720958062/suppl_file/sj-zip-1-jcr-10.1177_0022002720958062.zip
10.1177_0022002720962209,https://journals.sagepub.com/doi/suppl/10.1177/0022002720962209/suppl_file/sj-csv-1-jcr-10.1177_0022002720962209.csv
10.1177_0022002720957063,https://journals.sagepub.com/doi/suppl/10.1177/0022002720957063/suppl_file/sj-zip-1-jcr-10.1177_0022002720957063.zip
10.1177_0022002720957068,https://journals.sagepub.com/doi/suppl/10.1177/0022002720957068/suppl_file/sj-zip-1-jcr-10.1177_0022002720957068.zip
10.1177_0022002720967411,https://journals.sagepub.com/doi/suppl/10.1177/0022002720967411/suppl_file/sj-zip-1-jcr-10.1177_0022002720967411.zip
10.1177_0022002720957713,https://journals.sagepub.com/doi/suppl/10.1177/0022002720957713/suppl_file/sj-do-1-jcr-10.1177_0022002720957713.do
10.1177_0022002720967434,https://journals.sagepub.com/doi/suppl/10.1177/0022002720967434/suppl_file/sj-zip-1-jcr-10.1177_0022002720967434.zip
10.1177_0022002720958180,https://journals.sagepub.com/doi/suppl/10.1177/0022002720958180/suppl_file/sj-zip-1-jcr-10.1177_0022002720958180.zip
10.1177_0022002720967444,https://journals.sagepub.com/doi/suppl/10.1177/0022002720967444/suppl_file/sj-zip-1-jcr-10.1177_0022002720967444.zip
10.1177_0022002720958470,https://journals.sagepub.com/doi/suppl/10.1177/0022002720958470/suppl_file/sj-zip-1-jcr-10.1177_0022002720958470.zip
10.1177_0022002720961517,https://journals.sagepub.com/doi/suppl/10.1177/0022002720961517/suppl_file/sj-zip-1-jcr-10.1177_0022002720961517.zip
10.1177_0022002720963674,https://journals.sagepub.com/doi/suppl/10.1177/0022002720963674/suppl_file/sj-zip-1-jcr-10.1177_0022002720963674.zip
10.1177_0022002720964952,https://journals.sagepub.com/doi/suppl/10.1177/0022002720964952/suppl_file/sj-zip-1-jcr-10.1177_0022002720964952.zip
10.1177_0022002720975090,https://journals.sagepub.com/doi/suppl/10.1177/0022002720975090/suppl_file/sj-zip-1-jcr-10.1177_0022002720975090.zip
10.1177_0022002720978807,https://journals.sagepub.com/doi/suppl/10.1177/0022002720978807/suppl_file/sj-zip-1-jcr-10.1177_0022002720978807.zip
10.1177_0022002720983437,https://journals.sagepub.com/doi/suppl/10.1177/0022002720983437/suppl_file/sj-do-1-jcr-10.1177_0022002720983437.do
10.1177_0022002720968261,https://journals.sagepub.com/doi/suppl/10.1177/0022002720968261/suppl_file/sj-do-1-jcr-10.1177_0022002720968261.do
10.1177_0022002721994080,https://journals.sagepub.com/doi/suppl/10.1177/0022002721994080/suppl_file/sj-zip-1-jcr-10.1177_0022002721994080.zip
10.1177_0022002720969796,https://journals.sagepub.com/doi/suppl/10.1177/0022002720969796/suppl_file/sj-zip-1-jcr-10.1177_0022002720969796.zip
10.1177_0022002720972180,https://journals.sagepub.com/doi/suppl/10.1177/0022002720972180/suppl_file/sj-zip-1-jcr-10.1177_0022002720972180.zip
10.1177_0022002721994085,https://journals.sagepub.com/doi/suppl/10.1177/0022002721994085/suppl_file/sj-zip-1-jcr-10.1177_0022002721994085.zip
10.1177_0022002720978800,https://journals.sagepub.com/doi/suppl/10.1177/0022002720978800/suppl_file/sj-rds-1-jcr-10.1177_0022002720978800.rds
10.1177_0022002721994174,https://journals.sagepub.com/doi/suppl/10.1177/0022002721994174/suppl_file/sj-zip-1-jcr-10.1177_0022002721994174.zip
10.1177_0022002720982349,https://journals.sagepub.com/doi/suppl/10.1177/0022002720982349/suppl_file/sj-zip-1-jcr-10.1177_0022002720982349.zip
10.1177_0022002720983409,https://journals.sagepub.com/doi/suppl/10.1177/0022002720983409/suppl_file/sj-do-1-jcr-10.1177_0022002720983409.do
10.1177_0022002720987285,https://journals.sagepub.com/doi/suppl/10.1177/0022002720987285/suppl_file/sj-zip-1-jcr-10.1177_0022002720987285.zip
10.1177_0022002721993226,https://journals.sagepub.com/doi/suppl/10.1177/0022002721993226/suppl_file/sj-7z-1-jcr-10.1177_0022002721993226.7z
10.1177_0022002721994667,https://journals.sagepub.com/doi/suppl/10.1177/0022002721994667/suppl_file/sj-zip-1-jcr-10.1177_0022002721994667.zip
